Question,Option1,Option2,Option3,Option4,Answer,Fact
CLASS 10TH,,,,,,
,Hindi,,,,,
,,सूरदास के पद,,,,
कक्षा 10 की हिंदी पाठ्यपुस्तक में संकलित 'सूरदास के पद' किस महाकाव्य से लिए गए हैं?,रामचरितमानस,सूरसागर,पद्मावत,साहित्य लहरी,2,"यह चारों पद सूरदास जी के सबसे प्रसिद्ध महाकाव्य 'सूरसागर' के 'भ्रमरगीत' प्रसंग से लिए गए हैं। भ्रमरगीत में गोपियों और उद्धव के बीच का वह संवाद है, जब उद्धव कृष्ण का योग संदेश लेकर गोकुल आते हैं। (UP Board 2022, 2024, MIMP)"
भक्तिकाल की कृष्णभक्ति शाखा के सर्वप्रमुख कवि सूरदास जी का जन्म कब माना जाता है?,1478 ई.,1532 ई.,1398 ई.,1623 ई.,1,"विद्वानों की आम सहमति के अनुसार, महाकवि सूरदास जी का जन्म सन् 1478 ईस्वी में हुआ था। उनके जीवन का मुख्य लक्ष्य श्रीकृष्ण की बाल-लीलाओं और उनके प्रेम का अत्यंत मधुर और सजीव वर्णन करना था। (UP Board 2023, VIMP)"
"सूरदास जी के दीक्षा गुरु (आध्यात्मिक गुरु) कौन थे, जिन्होंने उन्हें पुष्टिमार्ग में दीक्षित किया?",रामानंद,रामानुजाचार्य,महाप्रभु वल्लभाचार्य,स्वामी विट्ठलनाथ,3,"महाप्रभु वल्लभाचार्य सूरदास जी के गुरु थे। वल्लभाचार्य जी से दीक्षा लेने के बाद ही सूरदास जी अष्टछाप के कवियों में सबसे प्रमुख बने और उन्होंने अपना पूरा जीवन श्रीनाथ जी के मंदिर में कीर्तन करते हुए बिता दिया। (UP Board 2022, IMP)"
इनमें से कौन-सा ग्रंथ महाकवि सूरदास जी द्वारा रचित नहीं है?,सूरसागर,सूरसारावली,साहित्य लहरी,कवितावली,4,"कवितावली' गोस्वामी तुलसीदास जी की रचना है, जबकि सूरसागर, सूरसारावली और साहित्य-लहरी सूरदास जी की तीन मुख्य प्रामाणिक रचनाएँ हैं। इनमें से 'सूरसागर' को उनकी कीर्ति (प्रसिद्धि) का सबसे बड़ा और मुख्य आधार माना जाता है। (UP Board 2023, VIMP)"
सूरदास जी मुख्य रूप से किन दो रसों के सर्वश्रेष्ठ कवि माने जाते हैं?,वीर और रौद्र रस,वात्सल्य और शृंगार रस,हास्य और करुण रस,अद्भुत और शांत रस,2,"हिंदी साहित्य में सूरदास जी को 'वात्सल्य रस' (माता-पिता का बच्चों के प्रति प्रेम) और 'शृंगार रस' (नायक-नायिका का प्रेम) का सम्राट कहा जाता है। उन्होंने श्रीकृष्ण के बचपन और गोपियों के प्रेम का बहुत गहरा वर्णन किया है। (UP Board 2022, 2024, MIMP)"
सूरदास के पदों की रचना मुख्य रूप से किस भाषा में की गई है?,अवधी भाषा,खड़ी बोली हिंदी,ब्रजभाषा,भोजपुरी,3,"सूरदास जी ने अपने काव्य की रचना मुख्य रूप से 'ब्रजभाषा' में की है। मथुरा, वृंदावन और गोकुल के आस-पास बोली जाने वाली इस भाषा में मिठास बहुत अधिक होती है, जो कृष्ण की लीलाओं के वर्णन के लिए एकदम उपयुक्त है। (UP Board 2023, 2024, MIMP)"
गोपियों ने अपने पास आए उद्धव को व्यंग्य करते हुए क्या कहकर संबोधित किया है?,अभागा,बड़भागी (भाग्यशाली),मूर्ख,ज्ञानी,2,"गोपियों ने उद्धव को 'बड़भागी' (बहुत भाग्यशाली) कहा है, लेकिन वास्तव में यह उनका एक तीखा व्यंग्य (ताना) है। वे कहना चाहती हैं कि उद्धव कृष्ण रूपी प्रेम के सागर के पास रहकर भी उनके प्रभाव से अछूते हैं, इसलिए वे बहुत बड़े अभागे हैं। (UP Board 2022, VIMP)"
"गोपियों के अनुसार, उद्धव का व्यवहार जल के भीतर रहने वाले किस पत्ते के समान है?",केले के पत्ते,पीपल के पत्ते,कमल के पत्ते (पुरइनि पात),बरगद के पत्ते,3,"गोपियाँ कहती हैं कि जिस प्रकार कमल का पत्ता (पुरइनि पात) हमेशा पानी के भीतर रहता है, लेकिन फिर भी उस पर पानी की एक भी बूँद नहीं ठहरती, उसी प्रकार उद्धव भी कृष्ण के पास रहकर उनके प्रेम से बिल्कुल अछूते रह गए हैं। (UP Board 2023, MIMP)"
तेल की गागर' का उदाहरण देकर गोपियों ने उद्धव के किस स्वभाव पर कटाक्ष किया है?,उनके लालची स्वभाव पर,उनके नीरस और प्रेमहीन स्वभाव पर,उनके क्रोधी स्वभाव पर,उनके ज्ञानी स्वभाव पर,2,"गोपियों ने कहा है कि जिस प्रकार तेल से पुती हुई मटकी (गागर) को पानी में डुबोने पर उस पर पानी की एक बूँद भी नहीं टिकती, वैसे ही उद्धव के हृदय पर श्रीकृष्ण के रूप और आकर्षण का कोई भी असर नहीं हुआ है। (UP Board 2024, VIMP)"
प्रीति-नदी मैं पाऊँ न बोरयौ'—यहाँ 'प्रीति-नदी' (प्रेम की नदी) किसके लिए कहा गया है?,यमुना नदी के लिए,गंगा नदी के लिए,श्रीकृष्ण के लिए,उद्धव के लिए,3,"गोपियों ने श्रीकृष्ण को 'प्रीति-नदी' (प्रेम की नदी) कहा है। वे उद्धव पर ताना मारती हैं कि तुमने तो प्रेम की नदी (श्रीकृष्ण) में कभी अपना पैर तक नहीं डुबोया, इसलिए तुम प्रेम के महत्व और उसकी पीड़ा को भला क्या समझोगे। (UP Board 2022, 2023, MIMP)"
गोपियों ने स्वयं को कैसा बताया है?,अति चतुर और ज्ञानी,अबला और भोरी (भोली-भाली),महान और तपस्विनी,क्रोधित और वाचाल,2,"गोपियाँ स्वयं को बहुत ही कमज़ोर (अबला) और सीधी-सादी (भोरी) बताती हैं। उनका मानना है कि वे उद्धव की तरह ज्ञानी नहीं हैं, बल्कि उनका हृदय तो इतना भोला है कि वह आसानी से श्रीकृष्ण के प्रेम के जाल में फँस गया है। (UP Board 2023, IMP)"
गोपियों ने अपनी स्थिति की तुलना गुड़ से लिपटी हुई किससे की है?,मक्खियों से,चींटियों से,मधुमक्खियों से,भँवरे से,2,"गोपियाँ अपनी बेबसी दर्शाते हुए कहती हैं कि जिस प्रकार चींटियाँ गुड़ के आकर्षण में उससे चिपक जाती हैं और फिर अलग न हो पाने के कारण वहीं प्राण त्याग देती हैं, उसी प्रकार हम भी श्रीकृष्ण के प्रेम में पूरी तरह से लीन हो चुकी हैं। (UP Board 2022, 2024, VIMP)"
मन की मन ही माँझ रही'—इस पंक्ति में गोपियों की कौन-सी पीड़ा झलक रही है?,धन खो जाने की पीड़ा,मन की इच्छाएँ मन में ही दब जाने की पीड़ा,बीमार होने की पीड़ा,उद्धव से हार जाने की पीड़ा,2,"गोपियों ने सोचा था कि जब श्रीकृष्ण मथुरा से लौटेंगे, तो वे अपने विरह (बिछुड़ने) की सारी पीड़ा और मन की बातें उनसे कहेंगी। लेकिन कृष्ण के न आने से उनकी सारी इच्छाएँ और बातें मन के भीतर ही दबकर रह गईं। (UP Board 2023, MIMP)"
गोपियाँ किस उम्मीद (अवधि) के सहारे अपने तन-मन की व्यथा (पीड़ा) को सह रही थीं?,उद्धव के जाने की उम्मीद,श्रीकृष्ण के वापस लौट आने की उम्मीद,मथुरा जाने की उम्मीद,युद्ध जीतने की उम्मीद,2,"श्रीकृष्ण जब मथुरा गए थे, तो वे गोपियों को वापस लौटने का वचन देकर गए थे। इसी लौटने की समय-सीमा (अवधि) को गोपियों ने अपने जीवन का आधार बना रखा था और इसी उम्मीद में वे सारे कष्ट चुपचाप सह रही थीं। (UP Board 2024, VIMP)"
श्रीकृष्ण ने मथुरा से अपने दूत (मैसेंजर) के रूप में किसे गोकुल भेजा था?,अक्रूर जी को,बलराम जी को,उद्धव जी को,सुदामा जी को,3,"मथुरा जाने के बाद श्रीकृष्ण बहुत समय तक स्वयं वापस नहीं लौट पाए। इसलिए उन्होंने अपने अत्यंत ज्ञानी और योग-मार्ग के जानकार मित्र 'उद्धव' को गोपियों को समझाने और योग का संदेश देने के लिए गोकुल भेजा था। (UP Board 2022, IMP)"
उद्धव द्वारा लाए गए 'जोग-संदेसनि' (योग संदेश) को सुनकर गोपियों पर क्या असर हुआ?,वे बहुत खुश हुईं,उनकी विरहाग्नि और अधिक भड़क उठी,वे ध्यान में बैठ गईं,उनका क्रोध शांत हो गया,2,"गोपियाँ पहले से ही श्रीकृष्ण से अलग होने की आग (विरहाग्नि) में जल रही थीं। ऐसे में जब उद्धव ने उन्हें कृष्ण को भूलकर निर्गुण ब्रह्म का 'योग' करने को कहा, तो उनकी पीड़ा की आग घी पड़ने की तरह और तेज़ भड़क उठी। (UP Board 2023, MIMP)"
"चाहति हुतीं गुहारि जितहिं तैं, उत तैं धार बही'—इसमें गोपियाँ क्या कहना चाह रही हैं?","जहाँ से रक्षा की उम्मीद थी, वहीं से दुःख आ गया",नदी की धारा बहुत तेज़ है,उद्धव ने उन्हें बचा लिया,वे बहुत ज़ोर से रोने लगीं,1,"गोपियों को उम्मीद थी कि श्रीकृष्ण आकर उनकी पीड़ा हर लेंगे, इसलिए वे उन्हीं से रक्षा की गुहार लगाना चाहती थीं। लेकिन जब उसी दिशा (कृष्ण की ओर) से योग-संदेश रूपी दुःख की जलधारा आ गई, तो उनकी सारी उम्मीदें टूट गईं। (UP Board 2022, VIMP)"
"मरजादा न लही' पंक्ति के अनुसार, श्रीकृष्ण ने किस चीज़ की मर्यादा (लाज) नहीं रखी?",समाज की मर्यादा,राजनीति की मर्यादा,प्रेम की मर्यादा,धर्म की मर्यादा,3,"गोपियों का मानना है कि प्रेम का नियम यह है कि 'प्रेम के बदले प्रेम' दिया जाए। लेकिन श्रीकृष्ण ने उनके सच्चे प्रेम के बदले रूखा 'योग-संदेश' भेजकर प्रेम की सभी मर्यादाओं (नियमों) का उल्लंघन किया है और उन्हें धोखा दिया है। (UP Board 2023, 2024, MIMP)"
गोपियों ने अब धैर्य (धीर) धारण करने से क्यों मना कर दिया है?,क्योंकि अब उनमें शक्ति नहीं बची,क्योंकि श्रीकृष्ण ने ही प्रेम की मर्यादा नहीं रखी,क्योंकि उद्धव बहुत कठोर हैं,क्योंकि अब वे मथुरा जा रही हैं,2,"गोपियाँ कहती हैं कि हम अब तक धैर्य इसलिए धारण किए हुए थीं क्योंकि हमें कृष्ण के लौटने की उम्मीद थी। लेकिन जब स्वयं श्रीकृष्ण ने ही प्रेम की मर्यादा तोड़ दी, तो अब हम किस आधार पर और क्यों धैर्य धारण करें? (UP Board 2022, VIMP)"
हमारैं हरि हारिल की लकरी'—गोपियों ने 'हारिल की लकड़ी' किसे कहा है?,स्वयं को,उद्धव को,श्रीकृष्ण को,योग संदेश को,3,"गोपियों ने श्रीकृष्ण को अपने जीवन की 'हारिल की लकड़ी' कहा है। उनका आशय है कि जिस तरह वह पक्षी लकड़ी को अपना एकमात्र सहारा मानता है, उसी तरह श्रीकृष्ण भी गोपियों के जीवन का एकमात्र और सबसे मजबूत सहारा हैं। (UP Board 2024, MIMP)"
"हारिल' पक्षी की सबसे बड़ी विशेषता क्या होती है, जिसका उदाहरण गोपियों ने दिया है?",वह बहुत ऊँचा उड़ता है,वह हमेशा अपने पंजों में एक लकड़ी पकड़े रहता है,वह बहुत मीठा गाता है,वह केवल रात में जगता है,2,"हारिल' एक विशेष प्रकार का पक्षी होता है (जिसे हरा कबूतर भी कहते हैं)। यह पक्षी हमेशा अपने पंजों में कोई लकड़ी या तिनका मजबूती से जकड़े रहता है और उसे ही अपने उड़ने का एकमात्र सहारा मानकर कभी नहीं छोड़ता। (UP Board 2023, IMP)"
गोपियों ने श्रीकृष्ण को अपने हृदय में किस प्रकार मजबूती से पकड़ रखा है?,"मन, कर्म और वचन से",केवल बातों से,डर के कारण,योग के प्रभाव से,1,"गोपियाँ उद्धव को स्पष्ट रूप से बताती हैं कि उन्होंने नंद के नंदन (श्रीकृष्ण) को केवल ऊपरी तौर पर नहीं, बल्कि अपने मन (विचार), कर्म (कार्य) और वचन (बातों) से पूरी दृढ़ता के साथ अपने हृदय में बसा लिया है। (UP Board 2022, VIMP)"
गोपियाँ जाग्रत अवस्था (जागते हुए) और स्वप्न में (सोते हुए) हमेशा किसकी रट लगाए रहती हैं?,उद्धव की,कान्ह-कान्ह (श्रीकृष्ण) की,मथुरा की,अपनी माता की,2,"गोपियों का प्रेम इतना गहरा और एकनिष्ठ है कि चाहे दिन हो या रात, चाहे वे सो रही हों या जाग रही हों, यहाँ तक कि सपने में भी उनके होंठ लगातार 'कान्ह-कान्ह' (कृष्ण-कृष्ण) का ही नाम रटते रहते हैं। (UP Board 2024, VIMP)"
गोपियों को उद्धव का 'योग' (जोग) शब्द सुनते ही कैसा महसूस होता है?,अमृत के समान मीठा,कड़वी ककड़ी (करुई ककरी) के समान,स्वादिष्ट फल के समान,जल के समान शीतल,2,"गोपियाँ श्रीकृष्ण के सगुण प्रेम की रसिया हैं। इसलिए जब उद्धव उन्हें निर्गुण और निराकार ब्रह्म का 'योग' सिखाते हैं, तो उन्हें यह बात बिल्कुल 'कड़वी ककड़ी' की तरह अरुचिकर और निगलने में असंभव लगती है। (UP Board 2022, 2023, MIMP)"
पदों में प्रयुक्त शब्द 'व्याधि' (ब्याधि) का सही अर्थ क्या है?,शिकारी,औषधि (दवा),रोग या भयंकर बीमारी,क्रोध,3,"व्याधि' का अर्थ होता है - एक ऐसा मानसिक या शारीरिक रोग (बीमारी) जो पीड़ा देता हो। गोपियों ने उद्धव के 'योग-संदेश' को एक ऐसी भयंकर व्याधि कहा है, जिसे उन्होंने जीवन में न तो कभी देखा और न ही कभी सुना है। (UP Board 2024, VIMP)"
गोपियों ने उद्धव से अपना यह योग रूपी रोग (व्याधि) किन लोगों को सौंपने के लिए कहा है?,जिनके पास बहुत धन है,जिनके मन चकरी के समान चंचल (अस्थिर) हैं,जो बहुत ज्ञानी हैं,जो पहले से बीमार हैं,2,"गोपियाँ कहती हैं कि हमारा मन तो पहले से ही कृष्ण के प्रेम में एकाग्र और स्थिर है। यह योग-संदेश उन्हें जाकर सौंप दो जिनका मन 'चकरी' की तरह गोल-गोल घूमता रहता है और एक जगह पर कभी नहीं टिकता। (UP Board 2023, MIMP)"
चकरी' शब्द का प्रयोग गोपियों ने किस संदर्भ में किया है?,खिलौने के लिए,अस्थिर और भटकने वाले मन के लिए,चक्की पीसने के लिए,हवा के लिए,2,"चकरी' बच्चों का एक ऐसा खिलौना है जो लगातार घूमता रहता है। गोपियों ने इस शब्द का इस्तेमाल उन लोगों के 'अस्थिर मन' (Unstable mind) को दर्शाने के लिए किया है, जिनका ध्यान भटकता रहता है और किसी एक आराध्य पर नहीं टिकता। (UP Board 2022, VIMP)"
हरि हैं राजनीति पढ़ि आए'—इस पंक्ति में गोपियों ने 'हरि' (श्रीकृष्ण) पर क्या आरोप लगाया है?,वे बहुत दयालु हो गए हैं,वे राजनीतिज्ञों की तरह छल-कपट करने लगे हैं,वे चुनाव लड़ रहे हैं,वे राजा बन गए हैं,2,"गोपियाँ व्यंग्य कसते हुए कहती हैं कि श्रीकृष्ण अब मथुरा जाकर 'राजनीति' का शास्त्र पढ़ आए हैं, इसलिए वे नेताओं की तरह छल-कपट और चालाकी करने लगे हैं। इसी कारण वे सीधे न आकर बातों को घुमा-फिरा रहे हैं। (UP Board 2023, 2024, MIMP)"
गोपियों ने पदों में 'मधुकर' (भँवरा) शब्द का प्रयोग किसके लिए किया है?,श्रीकृष्ण के लिए,कंस के लिए,उद्धव के लिए,स्वयं के लिए,3,"जब गोपियाँ और उद्धव बात कर रहे थे, तभी वहाँ एक भँवरा आ गया। गोपियों ने उस काले भँवरे (मधुकर) को माध्यम बनाकर उद्धव पर अप्रत्यक्ष रूप से व्यंग्य बाण छोड़े। इसीलिए इस पूरे प्रसंग को 'भ्रमरगीत' कहा जाता है। (UP Board 2022, VIMP)"
एक अति चतुर हुते पहिलैं ही...' गोपियों के अनुसार श्रीकृष्ण पहले से ही क्या थे?,बहुत सीधे,अत्यंत चतुर और चालाक,बहुत डरपोक,अत्यंत शांत,2,"गोपियाँ कहती हैं कि एक तो श्रीकृष्ण बचपन से ही अत्यंत चतुर और नटखट थे, और अब तो उन्होंने मथुरा जाकर बड़े-बड़े 'गुरु-ग्रंथ' (राजनीति के शास्त्र) भी पढ़ लिए हैं, जिससे उनकी बुद्धि और भी अधिक विशाल और चालाक हो गई है। (UP Board 2023, IMP)"
"गोपियों के अनुसार, श्रीकृष्ण की 'बढ़ी हुई बुद्धि' का सबसे बड़ा प्रमाण क्या है?",उन्होंने गोपियों के लिए योग का संदेश भेजा है,उन्होंने कंस को मार दिया है,उन्होंने नया महल बनवाया है,उन्होंने बहुत सारी किताबें पढ़ी हैं,1,"गोपियाँ व्यंग्य करते हुए कहती हैं कि कृष्ण की बुद्धि का बहुत विकास हो गया है, इसका सबसे बड़ा सबूत यही है कि वे हम जैसी अबला और प्रेम करने वाली स्त्रियों के लिए ज्ञान और योग (जोग) का नीरस संदेश भेज रहे हैं। (UP Board 2024, VIMP)"
आगे के लोग' (पहले के ज़माने के लोग) की क्या विशेषता गोपियों ने बताई है?,वे बहुत स्वार्थी होते थे,वे दूसरों की भलाई (पर-हित) के लिए दौड़े चले आते थे,वे केवल युद्ध करते थे,वे हमेशा सोते रहते थे,2,"गोपियाँ पुराने ज़माने के सज्जन लोगों को याद करते हुए कहती हैं कि पहले के लोग कितने अच्छे होते थे, जो दूसरों की भलाई (पर-हित डोलत धाये) के लिए हमेशा तत्पर रहते थे और दूसरों का दुःख दूर करने के लिए दौड़ पड़ते थे। (UP Board 2022, 2024, MIMP)"
गोपियाँ श्रीकृष्ण से अब वापस क्या पाना (फेर पाइहैं) चाहती हैं?,अपने गहने,अपना चुराया हुआ मन (हृदय),अपना माखन,मथुरा का राज्य,2,"गोपियाँ उद्धव से कहती हैं कि हमें कृष्ण से अब और कुछ नहीं चाहिए, बस वे जब मथुरा जाते समय हमारा जो मन (हृदय) अपने साथ चुरा कर ले गए थे, वह हमें चुपचाप वापस लौटा दें ताकि हम शांति से रह सकें। (UP Board 2023, VIMP)"
श्रीकृष्ण मथुरा जाकर गोपियों के साथ क्या कर रहे हैं?,न्याय और प्रेम,अनीति (अन्याय),व्यापार,योग-साधना,2,"गोपियों को इस बात का बड़ा दुख और आश्चर्य है कि जो श्रीकृष्ण हमेशा दूसरों को अन्याय (अनीति) से बचाते थे, वे आज स्वयं गोपियों को उनके अधिकार (प्रेम) से वंचित करके उन पर अन्याय और अत्याचार क्यों कर रहे हैं। (UP Board 2022, IMP)"
"सूरदास जी के शब्दों में, गोपियों के अनुसार एक राजा का सच्चा 'राज-धरम' क्या होना चाहिए?",प्रजा से अधिक कर (Tax) वसूलना,अपने राज्य का विस्तार करना,प्रजा को किसी भी प्रकार से न सताना,लगातार युद्ध लड़ते रहना,3,"अंतिम पद के अंत में सूरदास जी गोपियों के माध्यम से बताते हैं कि एक राजा का सच्चा धर्म (कर्तव्य) यह है कि उसकी प्रजा को कभी सताया न जाए। कृष्ण उन्हें रुला रहे हैं, जो एक राजा के धर्म के बिल्कुल विरुद्ध है। (UP Board 2023, 2024, MIMP)"
पुरइनि पात रहत जल भीतर'—इस पंक्ति में मुख्य रूप से कौन-सा अलंकार प्रयुक्त हुआ है?,यमक अलंकार,अनुप्रास अलंकार (प वर्ण की आवृत्ति),उपमा अलंकार,श्लेष अलंकार,2,"इस पंक्ति में 'पुरइनि' और 'पात' शब्दों में लगातार 'प' वर्ण की आवृत्ति (दुहराव) हुई है। काव्य-शास्त्र के अनुसार जहाँ एक ही वर्ण (अक्षर) बार-बार आए, वहाँ 'अनुप्रास अलंकार' होता है, जो भाषा में संगीतात्मकता लाता है। (UP Board 2022, VIMP)"
प्रीति-नदी' (प्रेम रूपी नदी) शब्द में कौन-सा अलंकार है?,अनुप्रास अलंकार,यमक अलंकार,रूपक अलंकार,अतिशयोक्ति अलंकार,3,"प्रीति-नदी' में 'रूपक अलंकार' है। यहाँ प्रेम (प्रीति) को पूरी तरह से नदी का रूप दे दिया गया है (प्रेम और नदी में कोई भेद नहीं रखा गया है)। गोपियों ने श्रीकृष्ण के अपार प्रेम को एक नदी के समान माना है। (UP Board 2023, MIMP)"
"कान्ह-कान्ह' शब्द में कौन-सा अलंकार है, जिसका प्रयोग गोपियों ने अपनी रट बताने के लिए किया है?",श्लेष अलंकार,यमक अलंकार,पुनरुक्ति प्रकाश अलंकार,मानवीकरण अलंकार,3,"जब काव्य में कोई एक शब्द बिना अर्थ बदले दो या अधिक बार आता है (जैसे- कान्ह-कान्ह, बार-बार, धीरे-धीरे), तो वहाँ 'पुनरुक्ति प्रकाश अलंकार' होता है। इसका प्रयोग बात पर ज़ोर देने और भाव को गहरा करने के लिए होता है। (UP Board 2024, VIMP)"
करुई ककरी' (कड़वी ककड़ी) में किस अलंकार की छटा देखने को मिलती है?,रूपक अलंकार,अनुप्रास अलंकार (क वर्ण की आवृत्ति),उपमा अलंकार,उत्प्रेक्षा अलंकार,2,"इस पंक्ति में 'करुई' और 'ककरी' दोनों शब्दों की शुरुआत 'क' वर्ण से हुई है। 'क' व्यंजन की इस लगातार आवृत्ति के कारण यहाँ पर स्पष्ट रूप से 'अनुप्रास अलंकार' मौजूद है, जो पद के सौंदर्य को बढ़ाता है। (UP Board 2022, IMP)"
सूरदास के इस पाठ (भ्रमरगीत) का मुख्य वैचारिक संदेश (Theme) क्या है?,निर्गुण पर सगुण भक्ति की विजय दिखाना,केवल प्रकृति का वर्णन करना,राजनीति सिखाना,समाज सुधार करना,1,"इस पूरे भ्रमरगीत प्रसंग का मुख्य उद्देश्य ज्ञान-मार्ग (निर्गुण ब्रह्म) पर प्रेम-मार्ग (सगुण भक्ति) की विजय को स्थापित करना है। सूरदास जी ने गोपियों के सच्चे प्रेम के आगे उद्धव के शुष्क और तार्किक ज्ञान को पूरी तरह पराजित होते दिखाया है। (UP Board 2023, MIMP)"
पदों में गोपियों ने उद्धव के योग संदेश को कैसा माना है?,ज्ञानवर्धक,शांतिदायक,अरुचिकर और नीरस,मुक्तिदायक,3,"गोपियों के लिए प्रेम ही जीवन का सर्वस्व है। इसलिए निर्गुण निराकार ईश्वर की साधना का वह संदेश, जो उद्धव बहुत गर्व से लाए थे, गोपियों को एकदम अरुचिकर, नीरस और उनके प्रेम के मार्ग में एक बड़ी बाधा प्रतीत होता है। (UP Board 2022, VIMP)"
अपराधी' और 'अनीति' करने वाला कहकर गोपियों ने किस पर निशाना साधा है?,उद्धव पर,कंस पर,श्रीकृष्ण पर,अक्रूर पर,3,"गोपियों ने सीधे तौर पर श्रीकृष्ण पर निशाना साधते हुए उन्हें अन्यायी कहा है। उनका मानना है कि जो कृष्ण कभी न्याय के रक्षक हुआ करते थे, वे आज प्रेम की मर्यादाओं को तोड़कर स्वयं गोपियों के साथ सबसे बड़ा अन्याय कर रहे हैं। (UP Board 2024, IMP)"
जोग' (योग) शब्द का प्रयोग सूरदास जी ने किस अर्थ में किया है?,जोड़ने के अर्थ में,गणित के जोड़ के लिए,निर्गुण निराकार ब्रह्म की साधना के लिए,शारीरिक व्यायाम के लिए,3,"भ्रमरगीत में प्रयुक्त 'जोग' (योग) शब्द शारीरिक कसरत के लिए नहीं, बल्कि ईश्वर को पाने के 'ज्ञान-मार्ग' या 'निर्गुण निराकार ब्रह्म की कठिन साधना' के लिए किया गया है, जिसका उपदेश उद्धव गोपियों को दे रहे थे। (UP Board 2023, VIMP)"
गोपियों ने भँवरे (मधुकर) को ही उद्धव का प्रतीक क्यों माना?,क्योंकि भँवरा काला और कपटी होता है,क्योंकि भँवरा एक फूल से दूसरे फूल पर भटकता है,दोनों स्वभाव उद्धव से मिलते थे,उपर्युक्त सभी,4,"गोपियों ने भँवरे को इसलिए चुना क्योंकि भँवरा रंग का काला होता है, वह कभी एक फूल पर नहीं टिकता, और स्वार्थी होता है। उद्धव और कृष्ण भी काले हैं, और वे भी गोपियों का प्रेम छोड़कर मथुरा (कुब्जा) के पास चले गए हैं। (UP Board 2022, 2024, MIMP)"
सूरदास के पदों में किस रस की प्रधानता सबसे अधिक है?,वीर रस,करुण रस,वियोग शृंगार (विप्रलंभ शृंगार),भयानक रस,3,"इन पदों में गोपियों का श्रीकृष्ण से बिछुड़ने का गहरा दुःख और तड़प दर्शाई गई है। जब नायक और नायिका एक-दूसरे से दूर होते हैं और उनके प्रेम का वर्णन होता है, तो वहाँ 'वियोग शृंगार रस' (विप्रलंभ) होता है। (UP Board 2023, MIMP)"
अब इन जोग सँदेसनि सुनि-सुनि...' में 'सुनि-सुनि' में कौन-सा अलंकार है?,यमक अलंकार,पुनरुक्ति प्रकाश अलंकार,रूपक अलंकार,उपमा अलंकार,2,"यहाँ 'सुनि' शब्द का प्रयोग लगातार दो बार हुआ है और दोनों बार इसका अर्थ 'सुनना' ही है। काव्य में सुंदरता लाने के लिए एक ही शब्द के इस दोहराव को 'पुनरुक्ति प्रकाश अलंकार' कहा जाता है। (UP Board 2022, VIMP)"
गुरु-ग्रंथ' शब्द का प्रयोग गोपियों ने किस संदर्भ में किया है?,धार्मिक पुस्तक के लिए,कठिन और चालाकी भरी राजनीति के शास्त्रों के लिए,विद्यालय की पुस्तकों के लिए,कविताओं के लिए,2,"गोपियों ने 'गुरु-ग्रंथ' शब्द का प्रयोग बहुत ही गहरे व्यंग्य के रूप में किया है। वे कहना चाहती हैं कि कृष्ण ने मथुरा जाकर बड़े-बड़े राजनीति और कूटनीति के भारी-भरकम शास्त्र पढ़ लिए हैं, जिससे वे इतने अधिक चालाक हो गए हैं। (UP Board 2024, IMP)"
उद्धव के गोकुल आने पर गोपियों को सबसे बड़ी निराशा क्यों हुई?,क्योंकि वे खाली हाथ आए थे,क्योंकि कृष्ण स्वयं नहीं आए और योग-संदेश भेज दिया,क्योंकि उद्धव बहुत क्रोधित थे,क्योंकि उद्धव जल्दी वापस जा रहे थे,2,"गोपियों ने महीनों तक इस उम्मीद में दिन काटे थे कि श्रीकृष्ण एक दिन लौटकर आएंगे और उनके दर्शन होंगे। लेकिन जब कृष्ण नहीं आए और उनकी जगह उद्धव रुखा-सूखा योग-संदेश लेकर आ गए, तो उनकी सारी उम्मीदें और खुशियाँ टूट गईं। (UP Board 2023, VIMP)"
सूरदास जी किस काल (कालखंड) के कवि माने जाते हैं?,आदिकाल,रीतिकाल,भक्तिकाल,आधुनिक काल,3,"हिंदी साहित्य के इतिहास में सूरदास जी को 'भक्तिकाल' (जिसे हिंदी साहित्य का स्वर्ण युग भी कहा जाता है) की सगुण धारा (कृष्णभक्ति शाखा) का सबसे महान और सिरमौर (सर्वश्रेष्ठ) कवि माना जाता है। (UP Board 2022, 2024, MIMP)"
कक्षा 10 के इस पहले पाठ में गोपियों की भाषा (ब्रजभाषा) की सबसे बड़ी विशेषता क्या दिखाई देती है?,बहुत कठिन और कठोर शब्दों का प्रयोग,"व्यंग्यात्मकता, मिठास और तार्किकता",केवल व्याकरण के नियमों का पालन,उर्दू और फारसी का प्रभाव,2,"गोपियों की ब्रजभाषा बहुत ही कोमल और मधुर है, लेकिन साथ ही इसमें गजब का व्यंग्य (Taunt) और तर्कशक्ति (Logic) छिपी है। वे अपनी मीठी लेकिन तीखी बातों से ज्ञानी उद्धव को भी पूरी तरह निरुत्तर और चुप कर देती हैं। (UP Board 2023, VIMP)"
,,,,,,
NMMS EXAM PRACTICE,,,,,,
,विज्ञान 🔭,,,,,
,,LEVEL 1,,,,
विश्व व्यापार संगठन (W.T.O) की स्थापना कब की गई?,1 जनवरी 1990,1 जनवरी 1995,1 जनवरी 2000,1 जनवरी 2005,2,विश्व व्यापार संगठन (W.T.O) की स्थापना 1 जनवरी 1995 ई. में हुई थी और यह विकसित देशों के द्वारा शुरू की गई थी।[span_3](start_span)[span_3](end_span)
अंतर्राष्ट्रीय विश्व बैंक की स्थापना कब की गयी?,1944 ई.,1945 ई.,1950 ई.,1995 ई.,1,अंतर्राष्ट्रीय विश्व बैंक की स्थापना 1944 ई. में की गई थी।[span_4](start_span)[span_4](end_span)
संयुक्त राष्ट्र संघ की स्थापना कब हुई?,1944 ई.,1945 ई.,1947 ई.,1950 ई.,2,संयुक्त राष्ट्र संघ की स्थापना 1945 ई. को हुई थी।[span_5](start_span)[span_5](end_span)
अंतर्राष्ट्रीय मुद्राकोष (IMF) की स्थापना कब हुई?,1940 ई.,1944 ई.,1945 ई.,1950 ई.,2,अंतर्राष्ट्रीय मुद्राकोष (IMF) की स्थापना 1944 ई. को हुई थी।[span_6](start_span)[span_6](end_span)
विश्व व्यापार संगठन की स्थापना कहाँ पर हुई थी?,न्यूयॉर्क,पेरिस,जिनेवा,लंदन,3,विश्व व्यापार संगठन की स्थापना जिनेवा में हुई थी।[span_7](start_span)[span_7](end_span)
चीता को भारत में लुप्तप्राय कब घोषित किया गया?,1947 ई. में,1952 ई. में,1972 ई. में,1973 ई. में,2,चीता को भारत में 1952 ई. में लुप्तप्राय घोषित किया गया था।[span_8](start_span)[span_8](end_span)
भारतीय वन्य जीवन (रक्षण) अधिनियम कब लागू हुआ?,1952 ई. में,1972 ई. में,1973 ई. में,1980 ई. में,2,भारतीय वन्य जीवन (रक्षण) अधिनियम 1972 ई. में लागू हुआ था।[span_9](start_span)[span_9](end_span)
प्रोजेक्ट टाइगर परियोजना कब आरम्भ की गयी?,1970 ई. में,1972 ई. में,1973 ई. में,1980 ई. में,3,प्रोजेक्ट टाइगर परियोजना 1973 ई. में आरम्भ की गयी थी।[span_10](start_span)[span_10](end_span)
ग्रीन इण्डिया मिशन कब आरम्भ किया गया?,2010 ई. में,2012 ई. में,2014 ई. में,2015 ई. में,3,ग्रीन इण्डिया मिशन 2014 ई. में आरम्भ किया गया था।[span_11](start_span)[span_11](end_span)
जिम कॉर्बेट राष्ट्रीय उद्यान किस राज्य में स्थित है?,उत्तरप्रदेश,उत्तराखण्ड,मध्यप्रदेश,असम,2,जिम कॉर्बेट राष्ट्रीय उद्यान उत्तराखण्ड में स्थित है।[span_12](start_span)[span_12](end_span)
सुंदरबन राष्ट्रीय उद्यान किस राज्य में स्थित है?,पश्चिम बंगाल,ओडिशा,असम,बिहार,1,सुंदरबन राष्ट्रीय उद्यान पश्चिम बंगाल में स्थित है।[span_13](start_span)[span_13](end_span)
कान्हा राष्ट्रीय उद्यान किस राज्य में स्थित है?,राजस्थान,मध्यप्रदेश,महाराष्ट्र,उत्तराखण्ड,2,कान्हा राष्ट्रीय उद्यान मध्यप्रदेश में स्थित है।[span_14](start_span)[span_14](end_span)
सरिस्का वन जीव पशुविहार किस राज्य में स्थित है?,गुजरात,राजस्थान,पंजाब,मध्यप्रदेश,2,सरिस्का वन जीव पशुविहार राजस्थान में स्थित है।[span_15](start_span)[span_15](end_span)
मानस बाघ रिजर्व क्षेत्र किस राज्य में स्थित है?,असम,मेघालय,पश्चिम बंगाल,अरुणाचल प्रदेश,1,मानस बाघ रिजर्व क्षेत्र असम राज्य में स्थित है।[span_16](start_span)[span_16](end_span)
काजीरंगा राष्ट्रीय उद्यान किस राज्य में स्थित है?,असम,केरल,उत्तराखण्ड,मध्यप्रदेश,1,काजीरंगा राष्ट्रीय उद्यान असम में स्थित है।[span_17](start_span)[span_17](end_span)
पेरियार बाघ रिजर्व क्षेत्र किस राज्य में स्थित है?,कर्नाटक,तमिलनाडु,केरल,आंध्र प्रदेश,3,पेरियार बाघ रिजर्व क्षेत्र केरल राज्य में स्थित है।[span_18](start_span)[span_18](end_span)
बांधवगढ़ राष्ट्रीय उद्यान किस राज्य में स्थित है?,मध्यप्रदेश,राजस्थान,छत्तीसगढ़,झारखण्ड,1,बांधवगढ़ राष्ट्रीय उद्यान मध्यप्रदेश में स्थित है।[span_19](start_span)[span_19](end_span)
धरातल का कितना प्रतिशत भाग जल से ढका है?,लगभग एक-चौथाई,लगभग आधा,लगभग तीन-चौथाई,पूरा भाग,3,धरातल का लगभग तीन-चौथाई भाग जल से ढका हुआ है।[span_20](start_span)[span_20](end_span)
हौज़ खास' जलीय निकाय कहाँ स्थित है?,आगरा,दिल्ली,जयपुर,लखनऊ,2,हौज़ खास' जलीय निकाय दिल्ली में स्थित है।[span_21](start_span)[span_21](end_span)
सलाल बांध किस नदी पर बना है?,सतलुज,रावी,चिनाब,झेलम,3,सलाल बांध चिनाब नदी पर बना है।[span_22](start_span)[span_22](end_span)
उत्तर प्रदेश की सबसे बड़ी नदी घाटी परियोजना कौन-सी है?,माताटीला,रिहन्द,शारदा,गंडक,2,उत्तर प्रदेश की सबसे बड़ी नदी घाटी परियोजना 'रिहन्द' है।[span_23](start_span)[span_23](end_span)
नागार्जुन सागर परियोजना किस नदी पर स्थित है?,गोदावरी,कावेरी,कृष्णा,तुंगभद्रा,3,नागार्जुन सागर परियोजना कृष्णा नदी पर स्थित है।[span_24](start_span)[span_24](end_span)
नर्मदा बचाओ आंदोलन का सम्बंध किस बांध से है?,भाखड़ा नांगल,सरदार सरोवर,टिहरी,हीराकुण्ड,2,नर्मदा बचाओ आंदोलन का सम्बंध सरदार सरोवर बांध से है।[span_25](start_span)[span_25](end_span)
देश का एक मात्र राज्य कौन सा है जहाँ प्रत्येक छत पर वर्षा जल संग्रहण ढांचों को बनाना आवश्यक कर दिया गया है?,राजस्थान,केरल,तमिलनाडु,कर्नाटक,3,तमिलनाडु देश का एक मात्र राज्य है जहाँ प्रत्येक छत पर वर्षा जल संग्रहण ढांचों को बनाना आवश्यक कर दिया गया है।[span_26](start_span)[span_26](end_span)
मेघालय के किस स्थान पर छत वर्षा जल संग्रहण प्रचलित है?,चेरापूंजी,मासिनराम,शिलांग,तुरा,3,मेघालय के शिलांग में छत वर्षा जल संग्रहण प्रचलित है।[span_27](start_span)[span_27](end_span)
बाँस ड्रिप सिंचाई प्रणाली किस राज्य में प्रचलित है?,मिजोरम,असम,मेघालय,नगालैंड,3,बाँस ड्रिप सिंचाई प्रणाली मेघालय राज्य में प्रचलित है।[span_28](start_span)[span_28](end_span)
,,LEVEL 2,,,,
भारत की मानक याम्योत्तर रेखा किस स्थान से गुजरती है?,प्रयागराज,मिर्जापुर,कानपुर,लखनऊ,2,भारत की मानक याम्योत्तर रेखा मिर्जापुर से होकर गुजरती है।[span_3](start_span)[span_3](end_span)
पाक जलसंधि भारत और किस देश के मध्य स्थित है?,पाकिस्तान,बांग्लादेश,श्रीलंका,म्यांमार,3,पाक जलसंधि भारत और श्रीलंका देश के मध्य स्थित है।[span_4](start_span)[span_4](end_span)
भारत की कौन-सी नदियाँ अरब सागर में गिरती हैं?,गंगा और यमुना,नर्मदा और तापी,कृष्णा और कावेरी,गोदावरी और महानदी,2,भारत की नर्मदा और तापी नदियाँ अरब सागर में गिरती हैं।[span_5](start_span)[span_5](end_span)
हिमालय की सबसे ऊँची पर्वत चोटी कौन-सी है?,कंचनजंगा,नंदा देवी,एवरेस्ट,धौलागिरी,3,हिमालय की सबसे ऊँची पर्वत चोटी एवरेस्ट है।[span_6](start_span)[span_6](end_span)
प्रायद्वीपीय भारत का पश्चिमी तट क्या कहलाता है?,कोरोमण्डल तट,मालाबार तट,कोंकण तट,उत्तरी सरकार,2,प्रायद्वीपीय भारत का पश्चिमी तट मालाबार तट कहलाता है।[span_7](start_span)[span_7](end_span)
प्रायद्वीपीय भारत का पूर्वी तट क्या कहलाता है?,मालाबार तट,कोंकण तट,कोरोमण्डल तट,सौराष्ट्र तट,3,प्रायद्वीपीय भारत का पूर्वी तट कोरोमण्डल तट कहलाता है।[span_8](start_span)[span_8](end_span)
माही नदी कहाँ गिरती है?,बंगाल की खाड़ी,खंभात की खाड़ी,कच्छ की खाड़ी,अरब सागर,3,माही नदी कच्छ की खाड़ी में गिरती है।[span_9](start_span)[span_9](end_span)
ब्रह्मपुत्र नदी को बांग्लादेश में क्या कहते हैं?,जमुना,मेघना,पद्मा,दिहांग,3,"दी गई पुस्तक के अनुसार, ब्रह्मपुत्र नदी को बांग्लादेश में पद्मा कहते हैं।[span_10](start_span)[span_10](end_span)"
भारत का सबसे ऊँचा पर्वत शिखर कौन-सा है?,नंदा देवी,के-2 (गॉडविन ऑस्टिन),कंचनजंगा,माउंट एवरेस्ट,3,भारत का सबसे ऊँचा पर्वत शिखर कंचनजंगा है।[span_11](start_span)[span_11](end_span)
प्रसिद्ध पर्यटन स्थल मसूरी किस राज्य में स्थित है?,हिमाचल प्रदेश,उत्तराखण्ड,जम्मू-कश्मीर,सिक्किम,2,पर्यटन स्थल मसूरी उत्तराखण्ड राज्य में स्थित है।[span_12](start_span)[span_12](end_span)
कुल्लू घाटी किस राज्य में स्थित है?,उत्तराखण्ड,जम्मू-कश्मीर,हिमाचल प्रदेश,लद्दाख,3,कुल्लू घाटी हिमाचल प्रदेश राज्य में स्थित है।[span_13](start_span)[span_13](end_span)
दुधवा राष्ट्रीय पार्क कहाँ स्थित है?,पीलीभीत,लखीमपुर व खीरी जनपद (उ.प्र.),नैनीताल,भरतपुर,2,दुधवा राष्ट्रीय पार्क लखीमपुर व खीरी जनपद (उत्तर प्रदेश) में स्थित है।[span_14](start_span)[span_14](end_span)
भारत में सर्वाधिक वर्षा कहाँ होती है?,चेरापूंजी,मासिनराम,शिलांग,अगुम्बे,2,भारत में सर्वाधिक वर्षा मासिनराम में होती है।[span_15](start_span)[span_15](end_span)
लूनी नदी किस पहाड़ी से निकलती है?,विंध्याचल,सतपुड़ा,अरावली की पहाड़ियों से,नीलगिरि,3,लूनी नदी अरावली की पहाड़ियों से निकलती है।[span_16](start_span)[span_16](end_span)
राजस्थान की सबसे लंबी नदी कौन-सी है?,बनास,चम्बल,लूनी,साबरमती,3,राजस्थान की सबसे लंबी नदी लूनी है।[span_17](start_span)[span_17](end_span)
भारत के पूर्वी तट पर स्थित खारे पानी की सबसे बड़ी झील कौन-सी है?,चिल्का झील,पुलीकट झील,कोलेरू झील,वेम्बनाड झील,1,भारत के पूर्वी तट पर स्थित खारे पानी की सबसे बड़ी झील चिल्का झील है।[span_18](start_span)[span_18](end_span)
ग्रेट बैरियर रीफ कहाँ स्थित है?,भारत,ऑस्ट्रेलिया,जापान,दक्षिण अफ्रीका,2,ग्रेट बैरियर रीफ ऑस्ट्रेलिया में स्थित है।[span_19](start_span)[span_19](end_span)
सिंधु नदी का उद्गम स्थल तिब्बत में किस झील के निकट है?,वुलर झील,डल झील,मानसरोवर झील,राकसताल झील,3,सिंधु नदी का उद्गम स्थल तिब्बत में मानसरोवर झील के निकट है।[span_20](start_span)[span_20](end_span)
राजस्थान में स्थित खारे पानी की सबसे बड़ी झील कौन-सी है?,डीडवाना,सांभर झील,राजसमंद,पिछोला,2,राजस्थान में स्थित खारे पानी की सबसे बड़ी झील सांभर झील है।[span_21](start_span)[span_21](end_span)
प्रायद्वीपीय भारत की सबसे बड़ी नदी कौन-सी है?,कृष्णा,कावेरी,महानदी,गोदावरी,4,प्रायद्वीपीय भारत की सबसे बड़ी नदी गोदावरी है।[span_22](start_span)[span_22](end_span)
उत्तर प्रदेश की राजधानी क्या है?,कानपुर,प्रयागराज,लखनऊ,आगरा,3,उत्तर प्रदेश की राजधानी लखनऊ है।[span_23](start_span)[span_23](end_span)
हरियाणा की राजधानी क्या है?,रोहतक,पानीपत,चंडीगढ़,गुड़गाँव,3,हरियाणा की राजधानी चंडीगढ़ है।[span_24](start_span)[span_24](end_span)
विश्व का सर्वाधिक वर्षा वाला स्थान कौन-सा है?,चेरापूंजी,मासिनराम,काउई,माउई,2,विश्व का सर्वाधिक वर्षा वाला स्थान मासिनराम है।[span_25](start_span)[span_25](end_span)
बिहार की राजधानी क्या है?,गया,भागलपुर,मुजफ्फरपुर,पटना,4,बिहार की राजधानी पटना है।[span_26](start_span)[span_26](end_span)
राजस्थान की राजधानी क्या है?,जोधपुर,उदयपुर,जयपुर,अजमेर,3,राजस्थान की राजधानी जयपुर है।[span_27](start_span)[span_27](end_span)
बंगाल की खाड़ी में पश्चिम बंगाल तट पर स्थित भारत का द्वीप कौन-सा है?,माजुली द्वीप,पम्बन द्वीप,न्यू मूर द्वीप,व्हीलर द्वीप,3,बंगाल की खाड़ी में पश्चिम बंगाल तट पर स्थित भारत का द्वीप 'न्यू मूर द्वीप' है।[span_28](start_span)[span_28](end_span)
ओडिशा की राजधानी क्या है?,कटक,पुरी,भुवनेश्वर,राउरकेला,3,ओडिशा की राजधानी भुवनेश्वर है।[span_29](start_span)[span_29](end_span)
छत्तीसगढ़ की राजधानी क्या है?,बिलासपुर,दुर्ग,रायपुर,भिलाई,3,छत्तीसगढ़ की राजधानी रायपुर है।[span_30](start_span)[span_30](end_span)
जम्मू-कश्मीर की राजधानी क्या है?,जम्मू,श्रीनगर,लेह,पहलगाम,2,जम्मू-कश्मीर की राजधानी श्रीनगर है।[span_31](start_span)[span_31](end_span)
हिमाचल प्रदेश की राजधानी क्या है?,मनाली,धर्मशाला,शिमला,डलहौजी,3,हिमाचल प्रदेश की राजधानी शिमला है।[span_32](start_span)[span_32](end_span)
श्रीलंका भारत के किस राज्य के निकट स्थित है?,केरल,कर्नाटक,आंध्र प्रदेश,तमिलनाडु,4,श्रीलंका भारत के तमिलनाडु राज्य के निकट स्थित है।[span_33](start_span)[span_33](end_span)
मालदीव भारत के किस द्वीप समूह के दक्षिण में स्थित है?,अंडमान,निकोबार,लक्षद्वीप,दमन,3,मालदीव भारत के लक्षद्वीप समूह के दक्षिण में स्थित है।[span_34](start_span)[span_34](end_span)
विश्व का सबसे ऊँचा पर्वत शिखर कौन-सा है?,एवरेस्ट,के-2,कंचनजंगा,मकालू,1,विश्व का सबसे ऊँचा पर्वत शिखर एवरेस्ट है।[span_35](start_span)[span_35](end_span)
"गारो, खासी, जयन्तियाँ पहाड़ियाँ भारत के किस राज्य में स्थित हैं?",असम,मेघालय,मिजोरम,नागालैंड,2,"गारो, खासी और जयन्तियाँ पहाड़ियाँ भारत के मेघालय राज्य में स्थित हैं।[span_36](start_span)[span_36](end_span)"
कच्छ का रन' किस राज्य में स्थित है?,राजस्थान,महाराष्ट्र,गुजरात,मध्य प्रदेश,3,कच्छ का रन' गुजरात राज्य में स्थित है।[span_37](start_span)[span_37](end_span)
कैलाश श्रेणी कहाँ स्थित है?,भारत,नेपाल,भूटान,चीन,4,कैलाश श्रेणी चीन में स्थित है।[span_38](start_span)[span_38](end_span)
ब्रह्मपुत्र नदी भारत के किस राज्य में बहती है?,अरुणाचल प्रदेश,असम,मेघालय,सिक्किम,2,ब्रह्मपुत्र नदी भारत के असम राज्य में बहती है।[span_39](start_span)[span_39](end_span)
महादेव की पहाड़ियाँ कहाँ स्थित हैं?,उत्तर प्रदेश,मध्य प्रदेश,महाराष्ट्र,गुजरात,2,महादेव की पहाड़ियाँ मध्य प्रदेश में स्थित हैं।[span_40](start_span)[span_40](end_span)
गिर श्रेणी किस राज्य में स्थित है?,राजस्थान,मध्य प्रदेश,गुजरात,महाराष्ट्र,3,गिर श्रेणी गुजरात में स्थित है।[span_41](start_span)[span_41](end_span)
गंगा नदी कहाँ गिरती है?,अरब सागर,बंगाल की खाड़ी,हिन्द महासागर,खंभात की खाड़ी,2,गंगा नदी बंगाल की खाड़ी में गिरती है।[span_42](start_span)[span_42](end_span)
नैनीताल व रानीखेत किस राज्य में स्थित हैं?,हिमाचल प्रदेश,उत्तराखण्ड,उत्तर प्रदेश,सिक्किम,2,नैनीताल व रानीखेत उत्तराखण्ड में स्थित हैं।[span_43](start_span)[span_43](end_span)
कांगड़ा व कुल्लू की घाटियाँ किस राज्य में स्थित हैं?,उत्तराखण्ड,हिमाचल प्रदेश,जम्मू-कश्मीर,लद्दाख,2,कांगड़ा व कुल्लू की घाटियाँ हिमाचल प्रदेश में स्थित हैं।[span_44](start_span)[span_44](end_span)
"कोटलीदून, पाटलीदून एवं देहरादून किस राज्य में स्थित हैं?",हिमाचल प्रदेश,उत्तराखण्ड,पंजाब,उत्तर प्रदेश,2,"कोटलीदून, पाटलीदून एवं देहरादून उत्तराखण्ड राज्य में स्थित हैं।[span_45](start_span)[span_45](end_span)"
तिस्ता व दिहांग नदियाँ हिमालय और किस भारतीय राज्य के मध्य बहती हैं?,पश्चिम बंगाल,सिक्किम,असम,अरुणाचल प्रदेश,3,तिस्ता व दिहांग नदियाँ हिमालय और असम राज्य के मध्य बहती हैं।[span_46](start_span)[span_46](end_span)
डोडा बेटा पर्वत शिखर किस श्रृंखला का भाग है?,अरावली,विंध्याचल,पश्चिमी घाट,पूर्वी घाट,3,डोडा बेटा पर्वत शिखर पश्चिमी घाट श्रृंखला का भाग है।[span_47](start_span)[span_47](end_span)
धुआँधार जल प्रपात किस नदी पर स्थित है?,तापी,गोदावरी,नर्मदा,कृष्णा,3,धुआँधार जल प्रपात नर्मदा नदी पर स्थित है।[span_48](start_span)[span_48](end_span)
लोहे का प्रमुख अयस्क निम्नलिखित में से कौन-सा है?,बॉक्साइट,कॉपर पाइराइट,हेमेटाइट,गैलेना,3,लोहे का प्रमुख अयस्क हेमेटाइट है।[span_49](start_span)[span_49](end_span)
तांबे (Copper) का मुख्य अयस्क कौन-सा है?,बॉक्साइट,हेमेटाइट,कॉपर पाइराइट,सिनेबार,3,तांबे का मुख्य अयस्क कॉपर पाइराइट है।[span_50](start_span)[span_50](end_span)
इनमें से कौन-सी धातु अपनी 'मुक्त अवस्था' में पाई जाती है?,लोहा,तांबा,सोना,ऐलुमीनियम,3,सोना (Gold) एक ऐसी धातु है जो प्रकृति में मुक्त अवस्था में पाई जाती है।[span_51](start_span)[span_51](end_span)
ऐलुमीनियम धातु का मुख्य अयस्क क्या है?,हेमेटाइट,बॉक्साइट,कॉपर पाइराइट,चूना पत्थर,2,ऐलुमीनियम धातु का मुख्य अयस्क बॉक्साइट है।[span_52](start_span)[span_52](end_span)
कैल्सियम का प्रमुख स्रोत (अयस्क) क्या है?,बॉक्साइट,हेमेटाइट,चूना पत्थर,कॉपर पाइराइट,3,कैल्सियम का प्रमुख अयस्क चूना पत्थर है।[span_53](start_span)[span_53](end_span)
कर्नाटक की 'कोलार खान' किस धातु के उत्पादन के लिए प्रसिद्ध है?,लोहा,तांबा,सोना,ऐलुमीनियम,3,कर्नाटक की कोलार खान सोना (Gold) धातु के लिए जानी जाती है।[span_54](start_span)[span_54](end_span)
संगमरमर के रूप में कैल्सियम मुख्य रूप से किन राज्यों में पाया जाता है?,बिहार व उड़ीसा,राजस्थान तथा मध्य प्रदेश,जम्मू-कश्मीर व गुजरात,तमिलनाडु व छत्तीसगढ़,2,संगमरमर के रूप में कैल्सियम मुख्य रूप से राजस्थान तथा मध्य प्रदेश में पाया जाता है।[span_55](start_span)[span_55](end_span)
आधुनिक संचार का माध्यम क्या है?,इण्टरनेट,पत्र,कबूतर,इनमें से कोई नहीं,1,आधुनिक संचार का प्रमुख माध्यम इण्टरनेट है।[span_56](start_span)[span_56](end_span)
भारतीय अंतरिक्ष कार्यक्रम के जनक कौन हैं?,डॉ. हारवर्ड माइकल,आर्यभट्ट,डॉ. विक्रम साराभाई,इनमें से कोई नहीं,3,भारतीय अंतरिक्ष कार्यक्रम के जनक डॉ. विक्रम साराभाई हैं।[span_57](start_span)[span_57](end_span)
सूचना और संचार प्रौद्योगिकी (ICT) का आरम्भ कब हुआ है?,वर्ष 2003 में,वर्ष 2004 में,वर्ष 2005 में,वर्ष 2006 में,2,"दी गई पुस्तक के अनुसार, सूचना और संचार प्रौद्योगिकी (ICT) का आरम्भ वर्ष 2004 में हुआ है।[span_58](start_span)[span_58](end_span)"
इनमें से ऊर्जा के नवीकरणीय स्रोत कौन-सा है?,पेट्रोल,डीजल,एल.पी.जी.,सौर ऊर्जा,4,सौर ऊर्जा एक नवीकरणीय (Renewable) ऊर्जा स्रोत है।[span_59](start_span)[span_59](end_span)